{"_wandb":{"runtime":1912},"_runtime":1912,"train_loss":4.926265716552734,"step":2410,"_timestamp":1.7679261212334855e+09,"_step":2041,"val_loss":5.087833404541016}